{"report": {"environment": {}, "tests": [], "summary": {"num_tests": 0, "duration": 1.9180107116699219}, "created_at": "2020-11-11 21:35:17.891612"}}